City_ID,City,Lat,Lng,Max Temp,Humidity,Cloudiness,Wind Speed,Country,Date
0,badger,64.8,-147.5333,7.95,67,75,1.54,US,1715247741
1,okulovka,58.4008,33.2908,5.31,29,100,6.49,RU,1715247815
2,mamuju,-2.6748,118.8885,26.89,87,99,2.21,ID,1715247815
3,queenstown,-31.8976,26.8753,28.11,20,4,8.91,ZA,1715247815
4,iguape,-24.7081,-47.5553,22.63,66,12,3.48,BR,1715247815
5,vernon,50.2581,-119.2691,10.72,55,31,4.63,CA,1715247605
6,soio,-6.1349,12.3689,27.23,80,100,3.18,AO,1715247815
7,san patricio,28.017,-97.5169,27.69,98,81,4.68,US,1715247721
8,puerto natales,-51.7236,-72.4875,0.16,97,97,0.64,CL,1715247723
9,padang,-0.9492,100.3543,31.03,80,77,2.35,ID,1715247816
10,college,64.8569,-147.8028,7.99,64,100,1.54,US,1715247708
11,aykhal,66.0,111.5,-5.3,83,100,5.78,RU,1715247744
12,constantia,44.1833,28.65,13.38,74,100,8.16,RO,1715247816
13,yellowknife,62.456,-114.3525,7.29,77,75,2.06,CA,1715247711
14,hithadhoo,-0.6,73.0833,29.03,78,86,4.76,MV,1715247723
15,suez,29.9737,32.5263,32.19,13,0,1.51,EG,1715247817
16,alice springs,-23.7,133.8833,19.75,45,40,4.12,AU,1715247689
17,mount pearl,47.5166,-52.7813,5.08,90,75,4.63,CA,1715247714
18,kalmunai,7.4167,81.8167,31.44,63,88,4.36,LK,1715247817
19,haiku-pauwela,20.9219,-156.3051,22.8,81,40,1.34,US,1715247817
20,sakiet sidi youssef,36.2229,8.3555,14.02,60,89,9.23,TN,1715247817
21,papatowai,-46.5619,169.4708,8.92,78,85,6.92,NZ,1715247710
22,jandaia do sul,-23.6031,-51.6433,21.36,68,32,1.7,BR,1715247817
23,adamstown,-25.066,-130.1015,21.39,78,65,2.06,PN,1715247706
24,edgewater,28.9889,-80.9023,24.51,86,0,4.17,US,1715247783
25,thunder bay,48.4001,-89.3168,3.99,75,0,2.57,CA,1715247796
26,tindouf,27.6711,-8.1474,32.25,12,0,2.57,DZ,1715247818
27,waitangi,-43.9535,-176.5597,11.85,72,94,5.53,NZ,1715247706
28,labuan,5.2767,115.2417,30.2,74,20,1.54,MY,1715247818
29,enewetak,11.3474,162.3373,27.35,78,81,9.26,MH,1715247724
30,medyn',54.9692,35.8586,2.64,37,95,5.36,RU,1715247819
31,keflavik,64.0049,-22.5624,6.95,52,75,3.09,IS,1715247719
32,talnakh,69.4865,88.3972,-6.55,84,12,1.6,RU,1715247707
33,dowlatabad,32.7998,51.6955,20.82,16,20,3.09,IR,1715247819
34,turbiv,49.3479,28.7212,14.05,55,100,3.01,UA,1715247819
35,sandakan,5.8402,118.1179,30.82,70,20,4.12,MY,1715247819
36,kodiak,57.79,-152.4072,0.73,69,100,3.09,US,1715247726
37,chegdomyn,51.1167,133.0167,8.03,41,97,3.83,RU,1715247715
38,salvador,13.8333,-88.9167,22.81,92,100,0.7,SV,1715247820
39,vyselki,45.5794,39.6597,17.6,44,96,4.2,RU,1715247820
40,atafu village,-8.5421,-172.5159,29.63,70,100,0.82,TK,1715247719
41,murun-kuren,49.6342,100.1625,13.8,32,81,14.93,MN,1715247820
42,kingston,17.997,-76.7936,27.53,83,20,1.54,JM,1715247820
43,grytviken,-54.2811,-36.5092,-2.71,68,47,1.75,GS,1715247706
44,along,28.1667,94.7667,23.64,54,100,1.43,IN,1715247821
45,vorkuta,67.5,64.0,-2.16,74,100,9.39,RU,1715247821
46,iqaluit,63.7506,-68.5145,-6.15,79,75,3.09,CA,1715247710
47,bubaque,11.2833,-15.8333,26.28,73,87,4.61,GW,1715247821
48,bredasdorp,-34.5322,20.0403,19.75,49,0,2.36,ZA,1715247724
49,port-aux-francais,-49.35,70.2167,4.65,77,25,10.64,TF,1715247705
50,afaahiti,-17.75,-149.2833,23.93,74,90,7.59,PF,1715247821
51,albany,42.6001,-73.9662,12.04,81,61,1.79,US,1715247713
52,puerto ayora,-0.7393,-90.3518,23.08,99,99,1.79,EC,1715247714
53,dudinka,69.4058,86.1778,-6.29,89,26,5.36,RU,1715247822
54,prado,-17.3411,-39.2208,23.82,91,27,1.79,BR,1715247745
55,garcia,25.8167,-100.5833,30.22,49,10,3.12,MX,1715247822
56,gaspe,48.8334,-64.4819,4.95,87,100,0.0,CA,1715247734
57,bikenibeu village,1.3673,173.1241,28.98,79,20,1.54,KI,1715247737
58,kavaratti,10.5669,72.642,30.17,67,100,4.6,IN,1715247712
59,pedernales,18.0384,-71.744,26.56,74,98,1.03,DO,1715247823
60,ribeira grande,38.5167,-28.7,18.21,77,20,3.09,PT,1715247723
61,port alfred,-33.5906,26.891,21.77,86,7,1.34,ZA,1715247706
62,zhezqazghan,47.7833,67.7667,25.32,31,20,10.0,KZ,1715247823
63,noosa heads,-26.3833,153.15,20.06,71,100,9.3,AU,1715247814
64,severo-yeniseyskiy,60.3725,93.0408,1.43,98,100,4.47,RU,1715247823
65,olonkinbyen,70.9221,-8.7187,-3.3,88,100,14.29,SJ,1715247719
66,liwale,-9.7667,37.9333,27.71,55,17,3.29,TZ,1715247824
67,west island,-12.1568,96.8225,28.99,74,75,6.69,CC,1715247707
68,mutum biyu,8.6333,10.7667,34.38,48,97,4.37,NG,1715247824
69,tukrah,32.5341,20.5791,21.79,65,0,7.84,LY,1715247824
70,santa quiteria do maranhao,-3.5156,-42.5467,24.8,90,54,0.91,BR,1715247824
71,bilibino,68.0546,166.4372,-5.41,94,8,2.17,RU,1715247728
72,rosetta,31.4044,30.4164,25.16,50,2,6.58,EG,1715247824
73,sarnia,42.9787,-82.4041,8.84,95,100,2.06,CA,1715247825
74,tanout,14.9709,8.8879,41.12,7,77,3.17,NE,1715247825
75,barranca,-10.75,-77.7667,18.81,90,97,2.27,PE,1715247825
76,colby,39.3958,-101.0524,6.29,76,0,3.13,US,1715247666
77,camocim,-2.9022,-40.8411,25.65,86,96,3.78,BR,1715247825
78,sylt-ost,54.8833,8.35,14.49,82,40,5.14,DE,1715247825
79,gwarzo,11.9152,7.9346,37.48,21,41,2.52,NG,1715247826
80,wailua homesteads,22.0669,-159.378,22.44,80,75,5.14,US,1715247723
81,port mathurin,-19.6833,63.4167,27.05,74,75,9.77,MU,1715247739
82,brezina,33.0989,1.2608,21.24,24,4,0.68,DZ,1715247826
83,pandan,14.0453,124.1694,28.3,77,58,4.37,PH,1715247826
84,ebon,4.582,168.6964,28.3,80,79,5.07,MH,1715247708
85,guadalupe y calvo,26.1,-106.9667,7.93,30,0,2.09,MX,1715247826
86,pisco,-13.7,-76.2167,18.03,94,100,0.51,PE,1715247733
87,blackmans bay,-43.0167,147.3167,12.07,95,99,0.46,AU,1715247709
88,edinburgh of the seven seas,-37.0676,-12.3116,13.84,64,96,13.0,SH,1715247704
89,isafjordur,66.0755,-23.124,6.02,65,75,5.14,IS,1715247705
90,lilongwe,-13.9669,33.7873,24.11,60,40,5.14,MW,1715247827
91,mugia,43.1041,-9.2179,17.73,68,100,0.39,ES,1715247827
92,arteche,12.2645,125.4048,27.33,80,60,2.53,PH,1715247827
93,invercargill,-46.4,168.35,8.34,87,87,4.02,NZ,1715247724
94,mount isa,-20.7333,139.5,25.87,65,100,5.14,AU,1715247828
95,belyy yar,53.6039,91.3903,18.94,27,0,5.0,RU,1715247828
96,al jawf,29.5,38.75,31.13,10,0,6.71,SA,1715247828
97,anatuya,-28.4606,-62.8347,9.77,43,82,2.59,AR,1715247828
98,kristiansund,63.1115,7.732,10.36,87,75,5.14,NO,1715247828
99,mount gambier,-37.8333,140.7667,12.16,76,48,2.1,AU,1715247709
100,iskateley,67.6803,53.1512,-1.66,95,100,11.62,RU,1715247740
101,novyy turtkul',41.55,61.0167,23.95,29,78,5.02,UZ,1715247829
102,ishigaki,24.3448,124.1572,25.07,57,40,5.14,JP,1715247829
103,thompson,55.7435,-97.8558,4.09,75,40,1.54,CA,1715247721
104,casper,42.8666,-106.3131,4.29,92,100,4.12,US,1715247829
105,margaret river,-33.95,115.0667,21.69,52,100,6.71,AU,1715247425
106,mabaruma,8.2,-59.7833,22.81,95,100,0.58,GY,1715247829
107,tolanaro,-25.0319,46.9987,28.04,69,40,8.23,MG,1715247730
108,bethanie,-26.4833,17.15,30.61,19,20,3.62,NA,1715247830
109,bethel,41.3712,-73.414,15.42,82,0,0.89,US,1715247715
110,klyuchi,52.2667,79.1667,25.96,24,70,6.18,RU,1715247830
111,porbandar,21.6422,69.6093,33.99,52,20,6.69,IN,1715247830
112,vorgashor,67.5833,63.95,-2.33,74,100,11.64,RU,1715247724
113,kapa'a,22.0752,-159.319,23.18,80,75,5.14,US,1715247830
114,ciudad lazaro cardenas,17.9583,-102.2,22.29,90,48,1.0,MX,1715247831
115,lebu,-37.6167,-73.65,8.27,86,100,2.08,CL,1715247831
116,hermanus,-34.4187,19.2345,17.67,62,0,4.13,ZA,1715247726
117,clearwater,27.9659,-82.8001,26.72,86,100,6.17,US,1715247831
118,zelenoborskiy,66.845,32.3622,1.45,60,77,3.95,RU,1715247831
119,fort mcmurray,56.7268,-111.381,7.77,53,0,3.6,CA,1715247831
120,utrik,11.2278,169.8474,27.22,81,98,8.78,MH,1715247735
121,nagqu,31.5,92.0,7.67,32,100,2.37,CN,1715247832
122,taoudenni,22.6783,-3.9836,39.25,5,7,1.33,ML,1715247725
123,punta del este,-34.9667,-54.95,12.71,72,20,10.28,UY,1715247832
124,yuzhno-kurilsk,44.0306,145.8556,2.99,95,74,3.1,RU,1715247727
125,pasewalk,53.5063,13.99,18.39,45,56,1.22,DE,1715247832
126,rongelap,11.1635,166.8941,27.08,79,47,8.79,MH,1715247832
127,weno,7.4515,151.8468,27.97,89,100,3.09,FM,1715247727
128,anadyr,64.75,177.4833,-6.72,79,75,4.0,RU,1715247734
129,inhambane,-23.865,35.3833,25.99,69,40,0.0,MZ,1715247727
130,avarua,-21.2078,-159.775,27.03,94,75,4.12,CK,1715247738
131,saint-pierre,-21.3393,55.4781,27.82,61,0,13.89,RE,1715247713
132,galle,6.0367,80.217,28.33,77,100,2.56,LK,1715247833
133,ust-nera,64.5667,143.2,2.97,80,100,2.45,RU,1715247705
134,naliya,23.2667,68.8333,33.9,47,0,6.69,IN,1715247833
135,tazacorte,28.629,-17.9293,22.86,65,0,5.14,ES,1715247738
136,longyearbyen,78.2186,15.6401,-0.09,64,75,10.8,SJ,1715247708
137,punta arenas,-53.15,-70.9167,4.06,81,75,3.09,CL,1715247712
138,tiksi,71.6872,128.8694,-1.02,83,98,2.48,RU,1715247705
139,walvis bay,-22.9575,14.5053,17.53,77,85,1.03,NA,1715247834
140,diosig,47.3,22.0,18.2,69,92,5.6,RO,1715247834
141,jamestown,42.097,-79.2353,8.8,100,40,3.6,US,1715247706
142,akureyri,65.6835,-18.0878,6.96,45,75,6.69,IS,1715247834
143,kaka,37.3482,59.6143,15.19,80,100,2.71,TM,1715247835
144,kharp,66.8014,65.8081,-6.27,94,100,11.65,RU,1715247835
145,wotho,10.1657,166.0102,27.31,78,84,9.0,MH,1715247835
146,hawaiian paradise park,19.5933,-154.9731,21.69,95,100,3.09,US,1715247707
147,qaqortoq,60.7167,-46.0333,1.34,70,82,1.56,GL,1715247729
148,adigrat,14.277,39.462,24.77,34,31,4.11,ET,1715247835
149,whitehorse,60.7161,-135.0538,4.43,58,75,5.14,CA,1715247738
150,ballina,-28.8667,153.5667,17.66,58,100,5.68,AU,1715247836
151,puerto el triunfo,13.2833,-88.55,26.95,84,96,1.01,SV,1715247836
152,port elizabeth,-33.918,25.5701,25.61,68,0,2.57,ZA,1715247725
153,udachny,66.4167,112.4,-4.2,68,100,6.17,RU,1715247711
154,ancud,-41.8697,-73.8203,9.15,81,100,6.98,CL,1715247705
155,lompoc,34.6391,-120.4579,11.99,95,0,1.54,US,1715247712
156,cuenca,-2.8833,-78.9833,11.33,96,83,0.17,EC,1715247776
157,palikir - national government center,6.9248,158.1611,28.41,84,100,4.63,FM,1715247836
158,touros,-5.1989,-35.4608,26.39,88,69,3.49,BR,1715247707
159,jirja,26.3383,31.8916,32.12,12,0,2.06,EG,1715247837
160,mirny,62.5353,113.9611,1.8,59,100,4.47,RU,1715247837
161,puerto san jose,13.9256,-90.8244,28.68,74,100,3.29,GT,1715247837
162,chernyshevskiy,63.0128,112.4714,-0.45,73,100,3.52,RU,1715247837
163,ha'il,27.5219,41.6907,29.01,23,0,3.09,SA,1715247837
164,presidencia roque saenz pena,-26.7852,-60.4388,12.18,53,92,2.97,AR,1715247838
165,irymple,-34.25,142.1667,17.27,64,92,2.61,AU,1715247838
166,columbia,34.0007,-81.0348,20.0,93,75,2.57,US,1715247582
167,awantipur,33.9167,75.0167,26.07,32,3,0.9,IN,1715247838
168,miracema do tocantins,-9.5618,-48.3967,22.65,81,2,1.03,BR,1715247838
169,donskoy,53.9711,38.3363,4.19,39,100,7.76,RU,1715247838
170,shakiso,5.75,38.9167,20.0,86,95,1.75,ET,1715247839
171,flying fish cove,-10.4217,105.6791,27.82,83,75,5.66,CX,1715247839
172,yei,4.095,30.6779,34.59,35,89,2.85,SS,1715247839
173,ilulissat,69.2167,-51.1,-4.99,80,75,3.09,GL,1715247716
174,visnagar,23.7,72.55,40.94,19,38,8.47,IN,1715247839
175,dellys,36.9172,3.9131,17.11,66,58,1.4,DZ,1715247839
176,leninsk,48.7119,45.1994,12.91,41,63,10.17,RU,1715247840
177,pomorie,42.5588,27.6439,18.24,63,75,4.63,BG,1715247840
178,altamont,42.2068,-121.7372,6.91,49,0,0.0,US,1715247840
179,bayganin,48.6947,55.8742,13.75,34,1,7.77,KZ,1715247840
180,revda,56.801,59.9303,6.54,42,80,6.36,RU,1715247840
181,mallow,52.1333,-8.6333,15.28,73,100,4.13,IE,1715247841
182,chonchi,-42.6128,-73.8092,6.56,92,87,2.17,CL,1715247731
183,alamosa,37.4695,-105.87,-2.01,43,0,4.12,US,1715247841
184,saurimo,-9.6608,20.3916,30.22,38,83,3.83,AO,1715247841
185,nuku'alofa,-21.1333,-175.2,24.19,69,20,4.12,TO,1715247841
186,georgetown,5.4112,100.3354,31.96,74,20,4.12,MY,1715247745
187,visavadar,21.3833,70.6833,38.98,22,0,6.88,IN,1715247842
188,vadso,70.0744,29.7487,1.49,60,75,4.12,NO,1715247842
189,hobyo,5.3505,48.5268,31.99,63,65,6.24,SO,1715247842
190,nadym,65.5333,72.5167,-1.69,91,100,11.49,RU,1715247734
191,menaka,15.9182,2.4022,40.79,9,4,2.22,ML,1715247842
192,tura,25.5198,90.2201,30.8,40,99,2.46,IN,1715247842
193,sao tome,0.3365,6.7273,30.02,79,75,7.2,ST,1715247842
194,terenos,-20.4422,-54.8603,22.84,83,0,3.09,BR,1715247843
195,caleta de carquin,-11.0925,-77.6267,18.8,92,89,2.89,PE,1715247843
196,homer,59.6425,-151.5483,3.94,68,100,2.06,US,1715247843
197,cannonvale,-20.2833,148.7,22.66,84,100,4.31,AU,1715247719
198,tralee,52.2704,-9.7026,15.14,72,20,4.63,IE,1715247709
199,usinsk,65.9939,57.5281,-0.52,89,100,2.68,RU,1715247843
200,portland,45.5234,-122.6762,10.96,78,0,1.54,US,1715247457
201,kishtwar,33.3167,75.7667,28.75,25,15,2.49,IN,1715247844
202,abepura,-2.6333,140.5833,25.45,100,20,1.03,ID,1715247844
203,jinghong,21.991,100.7341,26.52,59,75,1.59,CN,1715247844
204,tughyl,47.7252,84.2063,16.1,53,0,2.41,KZ,1715247844
205,howard springs,-12.497,131.047,28.95,83,50,2.27,AU,1715247844
206,flin flon,54.7682,-101.865,7.87,78,52,2.2,CA,1715247821
207,el soberbio,-27.2985,-54.1988,16.28,98,95,1.47,AR,1715247845
208,tostado,-29.232,-61.7692,6.66,75,75,2.6,AR,1715247845
209,merizo village,13.2658,144.6691,28.88,91,52,5.57,GU,1715247845
210,aasiaat,68.7098,-52.8699,-10.27,94,28,2.18,GL,1715247731
211,papao,-17.75,-149.55,24.82,76,82,8.17,PF,1715247845
212,brindisi,40.5833,17.6667,22.47,63,100,5.86,IT,1715247845
213,zemio,5.0314,25.1361,36.48,30,70,1.58,CF,1715247846
214,san antonio de pale,-1.4014,5.6325,27.55,83,98,5.0,GQ,1715247732
215,brockport,43.2137,-77.9392,9.42,96,31,0.49,US,1715247846
216,hamilton,39.1834,-84.5333,19.48,92,20,4.12,US,1715247595
217,norresundby,57.0483,9.9352,14.47,77,75,8.23,DK,1715247846
218,novaya igirma,57.1334,103.9112,3.16,97,100,2.72,RU,1715247846
219,arauquita,7.0292,-71.4281,22.79,99,99,0.46,CO,1715247847
220,rumbek,6.802,29.6912,40.6,21,16,2.62,SS,1715247847
221,uturoa,-16.7333,-151.4333,27.77,72,88,6.15,PF,1715247847
222,santa cruz del sur,20.7147,-77.9956,23.8,90,36,4.59,CU,1715247847
223,berezovo,63.9381,65.0419,3.21,100,100,7.59,RU,1715247848
224,kidal,18.4411,1.4078,41.07,5,0,6.26,ML,1715247713
225,konarka,19.9,86.1167,32.22,73,7,7.58,IN,1715247848
226,lucea,18.451,-78.1736,25.92,83,39,3.27,JM,1715247848
227,abra pampa,-22.7205,-65.697,5.68,97,1,5.46,AR,1715247848
228,lihue,21.9789,-159.3672,22.77,79,75,5.14,US,1715247718
229,lamu,-2.2717,40.902,27.77,80,89,7.88,KE,1715247848
230,bovalino superiore,38.1833,16.1667,16.84,83,100,3.51,IT,1715247849
231,gadzhiyevo,69.2551,33.3362,-0.48,74,97,4.62,RU,1715247728
232,macusani,-14.0833,-70.4333,0.41,93,7,0.87,PE,1715247849
233,zeya,53.75,127.2667,11.38,28,74,3.4,RU,1715247849
234,yeppoon,-23.1333,150.7333,20.7,77,96,9.04,AU,1715247849
235,sinop,41.7711,34.8709,13.24,46,92,2.76,TR,1715247849
236,velur,12.9333,79.1333,38.38,28,100,3.99,IN,1715247850
237,ushuaia,-54.8,-68.3,-3.19,93,40,2.06,AR,1715247713
238,saudarkrokur,65.7461,-19.6394,5.13,57,54,4.68,IS,1715247850
239,petropavlovsk-kamchatsky,53.0452,158.6483,7.47,67,20,7.15,RU,1715247716
240,chibougamau,49.9168,-74.3659,3.79,70,100,2.06,CA,1715247734
241,zittau,50.9,14.8333,18.69,48,9,0.89,DE,1715247850
242,nova sintra,14.8667,-24.7167,24.17,76,55,9.73,CV,1715247850
243,knyaze-volkonskoye,48.4642,135.4567,15.19,24,13,5.36,RU,1715247851
244,rancho palos verdes,33.7445,-118.387,16.39,91,0,2.24,US,1715247851
245,swift current,50.2834,-107.8014,8.45,87,0,4.63,CA,1715247815
246,tazovsky,67.4667,78.7,-4.59,87,34,3.27,RU,1715247711
247,sittwe,20.15,92.9,30.14,59,2,6.93,MM,1715247851
248,fale old settlement,-9.3852,-171.2468,29.2,73,92,1.59,TK,1715247851
249,tual,-5.6667,132.75,28.57,76,85,6.61,ID,1715247852
250,hami,42.8,93.45,26.86,18,74,0.11,CN,1715247852
251,murgab,37.4966,61.9714,18.93,82,100,0.0,TM,1715247852
252,bugul'ma,54.55,52.8,3.85,56,100,5.18,RU,1715247852
253,alaghsas,17.0187,8.0168,39.94,8,66,6.69,NE,1715247852
254,panuco,22.05,-98.1667,26.34,87,62,2.02,MX,1715247852
255,chaman,30.9236,66.4512,33.14,14,13,6.11,PK,1715247853
256,zanjan,36.6736,48.4787,8.83,76,40,3.09,IR,1715247853
257,bamboo flat,11.7,92.7167,32.05,70,40,3.09,IN,1715247741
258,vega de alatorre,20.0333,-96.6333,29.89,54,79,6.98,MX,1715247853
259,altpinar,39.2042,32.7478,20.89,30,100,4.55,TR,1715247853
260,kapuskasing,49.4169,-82.4331,4.05,75,75,4.12,CA,1715247720
261,shevchenko,48.5,35.0,15.11,40,100,4.02,UA,1715247854
262,tomatlan,19.9333,-105.25,18.44,96,0,1.48,MX,1715247854
263,sarakhs,36.5449,61.1577,15.81,80,100,8.78,IR,1715247854
264,pasuruan,-7.6453,112.9075,30.94,82,76,2.37,ID,1715247854
265,ushibukamachi,32.1906,130.0228,16.48,65,0,6.79,JP,1715247854
266,igarka,67.4667,86.5833,-0.55,99,100,5.81,RU,1715247855
267,yung shue wan,22.2333,114.1167,27.68,81,100,10.26,HK,1715247855
268,ulcinj,41.9294,19.2244,21.12,60,96,2.92,ME,1715247855
269,minas de marcona,-15.2119,-75.1103,13.84,90,91,2.79,PE,1715247855
270,diyarbakir,37.9158,40.2189,23.99,35,40,1.54,TR,1715247855
271,horta,38.5333,-28.6333,17.79,79,20,3.09,PT,1715247855
272,stanley,54.868,-1.6985,17.62,71,20,6.69,GB,1715247730
273,fortuna,40.5982,-124.1573,7.77,97,0,3.09,US,1715247729
274,itaituba,-4.2761,-55.9836,22.46,93,53,0.66,BR,1715247856
275,itoman,26.1247,127.6694,24.43,59,75,7.72,JP,1715247856
276,arkhangel'sk,64.5401,40.5433,-0.94,69,100,9.0,RU,1715247856
277,westport,41.1415,-73.3579,16.99,80,0,0.89,US,1715247856
278,moyynkum,44.2914,72.9469,34.08,19,15,2.24,KZ,1715247856
279,guatire,10.4762,-66.5427,23.57,87,98,1.31,VE,1715247857
280,mejit,10.2753,170.8646,27.42,84,100,9.21,MH,1715247712
281,oranjemund,-28.55,16.4333,16.94,72,1,6.69,NA,1715247706
282,lorengau,-2.0226,147.2712,26.75,86,100,2.6,PG,1715247857
283,dazhong,33.1997,120.4578,17.16,76,100,3.91,CN,1715247857
284,sisimiut,66.9395,-53.6735,-3.82,76,6,2.93,GL,1715247857
285,codrington,-38.2667,141.9667,12.43,85,82,3.29,AU,1715247858
286,khandyga,62.6667,135.6,2.77,93,100,2.38,RU,1715247858
287,kletnya,53.3897,33.2171,7.29,28,7,4.1,RU,1715247858
288,yeniseysk,58.4497,92.1703,4.97,84,99,3.58,RU,1715247858
289,belmonte,-15.8631,-38.8828,24.93,86,56,1.22,BR,1715247858
290,port shepstone,-30.7414,30.455,25.41,64,0,5.41,ZA,1715247858
291,aioun,16.6614,-9.6149,37.59,4,23,3.8,MR,1715247859
292,guerrero negro,27.9769,-114.0611,14.97,79,37,6.29,MX,1715247859
293,st. john's,47.5649,-52.7093,5.54,90,75,4.63,CA,1715247709
294,leava,-14.3,-178.1667,27.89,71,100,8.01,WF,1715247859
295,isiro,2.7739,27.616,28.08,59,97,1.2,CD,1715247859
296,balykchy,42.4557,76.1861,20.12,35,5,2.82,KG,1715247859
297,ghat,24.9647,10.1728,29.12,21,51,5.07,LY,1715247860
298,torghay,49.6339,63.4981,15.9,69,99,5.24,KZ,1715247860
299,dzhetygara,52.1908,61.2006,10.2,70,100,6.13,KZ,1715247860
300,pedro ii,-4.4247,-41.4586,21.9,83,80,2.01,BR,1715247860
301,kintampo,8.0563,-1.7306,26.61,81,100,2.78,GH,1715247860
302,mokhsogollokh,61.4681,128.9203,5.13,47,100,3.89,RU,1715247861
303,san andres,12.5847,-81.7006,29.01,79,40,4.63,CO,1715247861
304,businga,3.3333,20.8833,32.32,51,100,0.41,CD,1715247861
305,tafuna,-14.3358,-170.72,27.93,84,100,7.4,AS,1715247861
306,arendal,58.4615,8.7725,10.89,67,98,5.74,NO,1715247861
307,fuglafjordur,62.244,-6.814,8.26,64,48,3.55,FO,1715247861
308,bel ombre,-4.6167,55.4167,29.91,79,40,6.17,SC,1715247862
309,sechura,-5.5569,-80.8222,20.69,81,99,4.63,PE,1715247862
310,atherton,53.5237,-2.4935,17.38,74,80,0.89,GB,1715247862
311,susuman,62.7833,148.1667,2.21,68,45,0.45,RU,1715247734
312,cockburn town,21.4612,-71.1419,24.87,73,72,6.12,TC,1715247730
313,sabang,5.8933,95.3214,30.16,67,91,2.11,ID,1715247743
314,saint-philippe,-21.3585,55.7679,27.77,79,68,7.15,RE,1715247745
315,rabo de peixe,37.8,-25.5833,17.77,99,40,2.06,PT,1715247863
316,zhaqsy,51.9083,67.3133,23.15,41,63,9.76,KZ,1715247863
317,dourbali,11.8091,15.8632,41.9,14,65,0.83,TD,1715247863
318,ryotsu-minato,38.0833,138.4333,8.61,66,30,1.61,JP,1715247863
319,sassnitz,54.5167,13.65,14.89,66,61,2.55,DE,1715247863
320,salekhard,66.53,66.6019,-5.89,92,100,9.83,RU,1715247863
321,bandrele,-12.9067,45.1914,30.86,62,20,6.17,YT,1715247864
322,hincesti,46.8258,28.5936,16.76,42,99,4.23,MD,1715247864
323,parabel',58.6978,81.4825,14.95,34,99,4.47,RU,1715247864
324,kousseri,12.0769,15.0306,40.98,26,100,3.09,CM,1715247864
325,magadan,59.5667,150.8,3.07,90,35,1.54,RU,1715247864
326,nargund,15.7167,75.3833,39.01,18,5,0.17,IN,1715247865
327,kuragino,53.8975,92.6725,15.42,31,86,4.79,RU,1715247865
328,kirensk,57.7853,108.1119,8.31,84,100,3.13,RU,1715247865
329,mermoz boabab,14.7065,-17.4758,24.31,88,20,2.06,SN,1715247865
330,arraial do cabo,-22.9661,-42.0278,22.92,100,40,4.63,BR,1715247865
331,casas grandes,30.3667,-107.95,12.26,36,0,2.06,MX,1715247865
332,green river,41.5286,-109.4662,3.88,80,100,0.55,US,1715247866
333,salahonda,2.1019,-78.7217,25.54,87,44,3.18,CO,1715247866
334,shimoda,34.6667,138.95,12.28,81,58,3.63,JP,1715247866
335,bage,-31.3314,-54.1069,9.88,87,0,3.09,BR,1715247866
336,robore,-18.3333,-59.75,20.97,98,99,1.84,BO,1715247866
337,mili,6.0815,171.735,28.4,81,88,5.99,MH,1715247867
338,nabire,-3.3667,135.4833,26.26,88,100,0.55,ID,1715247867
339,bafra,41.5678,35.9069,22.06,65,88,5.16,TR,1715247867
340,long beach,33.767,-118.1892,16.69,87,100,2.57,US,1715247782
341,baotou,40.6522,109.8222,28.66,20,100,8.91,CN,1715247867
342,santo domingo,18.5001,-69.9886,24.46,91,45,1.34,DO,1715247867
343,laguna,38.421,-121.4238,19.16,44,0,3.09,US,1715247868
344,acarau,-2.8856,-40.12,25.52,91,66,4.98,BR,1715247868
345,selfoss,63.9331,-20.9971,7.25,59,73,1.05,IS,1715247868
346,nahuala,14.85,-91.3167,13.24,83,100,0.73,GT,1715247868
347,saldanha,-33.0117,17.9442,18.03,60,0,2.01,ZA,1715247868
348,vila velha,-20.3297,-40.2925,23.3,95,20,0.45,BR,1715247869
349,sinabang,2.4803,96.3801,29.33,78,49,1.74,ID,1715247869
350,ciudad del carmen,18.6333,-91.8333,28.27,77,87,7.9,MX,1715247869
351,bentiu,9.2333,29.8333,41.2,7,18,3.18,SS,1715247869
352,colonia,50.9333,6.95,21.09,68,19,0.51,DE,1715247712
353,dolores,-36.3132,-57.6792,4.18,66,0,3.67,AR,1715247869
354,coquimbo,-29.9533,-71.3436,9.85,93,0,1.03,CL,1715247720
355,praia da vitoria,38.7333,-27.0667,18.2,88,40,3.5,PT,1715247729
356,smirnovo,54.5125,69.4222,24.01,45,88,6.95,KZ,1715247870
357,borogontsy,62.6683,131.1683,3.33,57,99,3.65,RU,1715247870
358,okha,53.5739,142.9478,6.81,57,79,9.39,RU,1715247870
359,uttarkashi,30.7333,78.45,23.88,48,79,3.19,IN,1715247870
360,rundu,-17.9333,19.7667,31.34,13,0,5.26,NA,1715247870
361,hadibu,12.65,54.0333,31.33,61,99,1.28,YE,1715247742
362,tsiombe,-25.3,45.4833,29.95,39,0,3.07,MG,1715247871
363,pahrump,36.2083,-115.9839,16.94,24,52,4.47,US,1715247871
364,murghob,38.1702,73.9667,8.35,32,26,3.7,TJ,1715247871
365,madridejos,39.4682,-3.532,20.38,36,100,3.06,ES,1715247871
366,vila franca do campo,37.7167,-25.4333,18.27,99,78,2.4,PT,1715247871
367,okhotsk,59.3833,143.3,0.18,88,100,2.96,RU,1715247872
368,celestun,20.8667,-90.4,26.93,78,95,7.25,MX,1715247872
369,benguela,-12.5763,13.4055,31.0,59,86,3.71,AO,1715247872
370,khanty-mansiysk,61.0042,69.0019,11.17,87,75,7.15,RU,1715247872
371,la'ie,21.6477,-157.9253,24.98,85,2,1.34,US,1715247872
372,xiangxiang,27.7333,112.5333,19.98,80,100,1.3,CN,1715247872
373,krasnyy kholm,58.0607,37.1203,1.78,67,100,8.4,RU,1715247873
374,trincomalee,8.5711,81.2335,29.59,77,83,6.32,LK,1715247873
375,isla vista,34.4133,-119.861,15.46,85,100,3.09,US,1715247873
376,saint-francois,46.4154,3.9054,16.49,76,75,2.57,FR,1715247873
377,takoradi,4.8845,-1.7554,28.99,76,100,1.34,GH,1715247873
378,sarmiento,-45.5882,-69.07,3.74,75,72,2.71,AR,1715247873
379,tibati,6.4667,12.6333,32.44,42,89,1.75,CM,1715247874
380,karratha,-20.7377,116.8463,26.22,47,0,2.56,AU,1715247874
381,kourou,5.1552,-52.6478,26.03,89,98,2.3,GF,1715247874
382,arroio grande,-32.2375,-53.0869,8.7,86,1,3.61,BR,1715247874
383,binzhou,37.3667,118.0167,28.25,24,49,5.76,CN,1715247874
384,leticia,-4.2153,-69.9406,26.03,100,40,0.0,CO,1715247875
385,bangassou,4.7413,22.8184,33.65,42,60,1.82,CF,1715247742
386,pyapon,16.2833,95.6833,36.19,37,20,6.83,MM,1715247875
387,barcelos,41.5388,-8.6151,22.18,48,100,1.54,PT,1715247875
388,port lincoln,-34.7333,135.8667,15.17,83,0,4.49,AU,1715247875
389,luderitz,-26.6481,15.1594,22.06,53,2,8.27,NA,1715247743
390,forster,-32.1667,152.5167,15.21,100,48,2.94,AU,1715247875
391,grand falls-windsor,48.9332,-55.6649,4.17,86,7,3.32,CA,1715247671
392,bhongir,17.5108,78.8889,34.61,31,1,5.71,IN,1715247876
393,san julian,21.0167,-102.1667,19.98,20,63,0.48,MX,1715247876
394,geraldton,-28.7667,114.6,24.23,64,100,6.17,AU,1715247876
395,lerici,44.0759,9.9112,24.8,50,100,3.58,IT,1715247876
396,boguchany,58.3814,97.4531,8.81,62,100,4.47,RU,1715247876
397,harstad,68.799,16.5293,7.31,90,100,6.71,NO,1715247877
398,tabou,4.423,-7.3528,30.26,71,73,2.11,CI,1715247731
399,palmerston north,-40.35,175.6167,3.76,77,3,0.89,NZ,1715247827
400,goure,13.9835,10.2704,40.03,8,60,5.09,NE,1715247877
401,kudahuvadhoo,2.6708,72.8944,29.19,76,99,4.5,MV,1715247745
402,houlton,46.1262,-67.8403,5.23,93,100,4.63,US,1715247877
403,show low,34.2542,-110.0298,6.64,49,0,2.57,US,1715247686
404,auki,-8.7676,160.7034,25.48,91,100,1.7,SB,1715247878
405,fabens,31.5023,-106.1586,23.62,28,0,4.59,US,1715247878
406,pollock pines,38.7613,-120.5866,12.28,26,0,8.75,US,1715247878
407,cabo san lucas,22.8909,-109.9124,22.64,35,17,5.81,MX,1715247357
408,florence,43.7667,11.25,23.72,56,20,3.58,IT,1715247878
409,huanuco,-9.9329,-76.2415,16.13,83,71,0.67,PE,1715247878
410,labrador city,52.9463,-66.9114,1.21,52,0,2.06,CA,1715247879
411,prainha,-1.8,-53.48,23.19,99,64,1.0,BR,1715247879
412,marathon,44.9,-89.7668,9.86,84,0,3.6,US,1715247879
413,richards bay,-28.783,32.0377,29.07,46,0,4.3,ZA,1715247742
414,tokar,18.4254,37.729,33.76,42,1,6.64,SD,1715247879
415,acapulco de juarez,16.8634,-99.8901,23.9,83,20,3.09,MX,1715247879
416,rio grande,-32.035,-52.0986,12.22,84,11,6.19,BR,1715247704
417,porto novo,6.4965,2.6036,30.9,56,99,4.24,BJ,1715247880
418,kalundborg,55.6795,11.0886,15.74,83,96,4.09,DK,1715247880
419,galliano,29.4422,-90.2992,27.0,78,100,4.63,US,1715247880
420,smithers,54.7804,-127.1743,3.18,81,0,0.0,CA,1715247604
421,east london,-33.0153,27.9116,23.52,73,40,3.09,ZA,1715247724
422,uliastay,47.7417,96.8444,13.6,29,29,8.5,MN,1715247880
423,bodaybo,57.8506,114.1933,10.87,74,97,1.44,RU,1715247881
424,ta`u,-14.2336,-169.5144,28.56,79,100,6.63,AS,1715247881
425,broome,42.2506,-75.833,11.45,87,100,5.66,US,1715247803
426,carnarvon,-24.8667,113.6333,23.99,61,100,3.35,AU,1715247711
427,santa cruz,-17.8,-63.1667,19.7,94,75,7.72,BO,1715247881
428,souillac,-20.5167,57.5167,27.21,65,75,7.2,MU,1715247881
429,mbale,1.0821,34.175,25.99,73,100,1.72,UG,1715247881
430,ouarzazat,30.9189,-6.8934,27.16,11,0,1.03,MA,1715247882
431,motueka,-41.1333,173.0167,6.72,75,0,2.19,NZ,1715247882
432,mil'kovo,55.6078,37.7956,4.08,51,100,7.36,RU,1715247882
433,manta,-0.95,-80.7333,24.88,88,75,2.57,EC,1715247858
434,boa vista,2.8197,-60.6733,25.99,89,20,1.03,BR,1715247882
435,barra de santo antonio,-9.4047,-35.5072,24.6,84,16,6.93,BR,1715247883
436,wisla,49.6563,18.8591,15.38,51,24,4.38,PL,1715247883
437,quellon,-43.1167,-73.6167,7.18,87,97,4.45,CL,1715247883
438,tari,12.4086,4.4914,38.72,28,64,4.53,NG,1715247883
439,campos belos,-13.0367,-46.7717,17.62,72,1,1.71,BR,1715247883
440,lazaro cardenas,17.9583,-102.2,22.29,90,48,1.0,MX,1715247883
441,hanceville,34.0607,-86.7675,24.95,97,47,3.97,US,1715247884
442,macapa,0.0389,-51.0664,25.99,94,100,1.54,BR,1715247884
443,bakanas,44.8081,76.2772,34.47,15,28,5.62,KZ,1715247884
444,serov,59.6033,60.5787,6.41,44,55,5.52,RU,1715247884
445,remire-montjoly,4.9167,-52.2667,26.02,94,75,1.03,GF,1715247741
446,villa vasquez,19.7411,-71.4464,22.38,93,48,1.32,DO,1715247884
447,deyang,31.1302,104.382,23.57,62,90,2.24,CN,1715247885
448,taikang,46.8333,124.4167,20.63,18,86,4.47,CN,1715247885
449,elista,46.3078,44.2558,17.54,25,0,4.0,RU,1715247876
450,nar'yan-mar,67.6713,53.087,-1.61,95,100,11.62,RU,1715247885
451,christchurch,-43.5333,172.6333,1.38,93,3,0.0,NZ,1715247564
452,kabalo,-6.05,26.9167,33.15,42,72,3.09,CD,1715247885
453,batticaloa,7.7102,81.6924,31.59,64,99,5.61,LK,1715247885
454,sola,-13.8833,167.55,27.37,65,75,4.12,VU,1715247725
455,callao,-12.0667,-77.15,19.84,88,100,1.03,PE,1715247886
456,garissa,-0.4536,39.6401,32.81,43,76,9.45,KE,1715247886
457,togur,58.3631,82.8265,13.97,39,100,3.13,RU,1715247886
458,margate,51.3813,1.3862,17.15,76,80,2.68,GB,1715247735
459,kone,-21.0595,164.8658,20.97,68,62,0.93,NC,1715247886
460,zaozersk,69.4005,32.4476,-0.81,78,96,4.33,RU,1715247887
461,morehead city,34.7229,-76.726,23.34,84,20,3.6,US,1715247553
462,la passe,45.5549,-0.8967,19.12,68,6,5.67,FR,1715247887
463,sitka,57.0531,-135.33,6.94,81,100,6.17,US,1715247715
464,gulu,2.7746,32.299,26.45,69,71,2.25,UG,1715247887
465,boju,7.3783,7.9112,31.6,60,98,3.91,NG,1715247887
466,arawa,-6.2132,155.5367,25.39,97,100,0.79,PG,1715247887
467,chingirlau,51.095,54.0814,11.87,37,20,7.25,KZ,1715247888
468,road town,18.4167,-64.6167,25.48,76,20,6.1,VG,1715247888
469,praia,14.9215,-23.5087,26.3,57,0,1.03,CV,1715247888
470,sao joao da barra,-21.6403,-41.0511,23.49,88,2,3.52,BR,1715247888
471,jertih,5.7336,102.4897,31.21,66,37,4.68,MY,1715247888
472,phrai bueng,14.7483,104.3626,36.17,41,57,1.93,TH,1715247888
473,hereford,52.0568,-2.7148,19.45,70,99,1.62,GB,1715247889
474,olavarria,-36.8927,-60.3225,3.2,56,0,3.27,AR,1715247889
475,kayangel,8.0823,134.7173,28.52,79,60,5.65,PW,1715247889
476,akhmet'a,42.0311,45.2075,20.29,64,45,2.53,GE,1715247889
477,mahibadhoo,3.7833,72.9667,29.75,76,65,5.24,MV,1715247889
478,dabas,47.1859,19.3109,21.59,49,100,4.82,HU,1715247890
479,malango,-2.9627,119.9001,21.14,100,100,0.58,ID,1715247890
480,hailin,44.5833,129.4167,14.98,28,65,2.83,CN,1715247890
481,viborg,56.4532,9.402,14.0,72,100,7.05,DK,1715247890
482,jijiga,9.35,42.8,26.47,49,46,4.25,ET,1715247890
483,monrovia,6.3005,-10.7969,28.32,79,100,0.93,LR,1715247890
484,vuktyl,63.8567,57.3094,-0.5,85,100,1.79,RU,1715247891
485,makokou,0.5738,12.8642,29.72,61,97,1.05,GA,1715247891
486,kiruna,67.8557,20.2251,0.51,75,40,5.14,SE,1715247891
487,howrah,22.5892,88.3103,23.0,100,100,3.09,IN,1715247891
488,korla,41.7597,86.1469,31.35,7,0,5.42,CN,1715247722
489,qujing,25.4833,103.7833,18.94,65,100,5.73,CN,1715247891
490,aleg,17.0481,-13.9209,39.26,6,14,5.27,MR,1715247892
491,kerikeri,-35.2268,173.9474,9.39,83,35,1.34,NZ,1715247892
492,were ilu,10.6,39.4333,22.93,37,90,5.65,ET,1715247892
493,dom pedro,-4.4833,-44.45,23.53,94,64,0.85,BR,1715247892
494,nyanguge,-2.55,33.2,26.84,66,54,3.96,TZ,1715247892
495,lerwick,60.1545,-1.1494,10.0,82,94,4.44,GB,1715247893
496,umkirch,48.0333,7.7667,18.71,69,34,3.71,DE,1715247893
497,naze,28.3667,129.4833,19.51,63,70,4.31,JP,1715247893
498,eirunepe,-6.6603,-69.8736,24.43,94,100,0.78,BR,1715247893
499,sao gabriel da cachoeira,-0.1303,-67.0892,23.02,99,98,0.82,BR,1715247739
500,koryazhma,61.3143,47.1691,-0.05,77,100,5.67,RU,1715247893
501,peschanokopskoye,46.1961,41.0775,14.17,40,96,3.16,RU,1715247894
502,mar del plata,-38.0023,-57.5575,8.01,72,0,4.12,AR,1715247727
503,aguada de pasajeros,22.385,-80.8508,22.53,89,29,1.89,CU,1715247894
504,necochea,-38.5473,-58.7368,7.05,67,21,5.69,AR,1715247894
505,yima,34.7381,111.8839,26.69,43,48,3.0,CN,1715247894
506,amboasary,-25.0333,46.3833,29.62,45,0,1.74,MG,1715247894
507,loiza,18.4313,-65.8802,26.37,90,40,0.0,PR,1715247894
508,timiryazevskoye,56.49,84.8769,19.97,26,97,2.07,RU,1715247895
509,bushehr,28.9684,50.8385,30.05,28,0,7.2,IR,1715247895
510,warrnambool,-38.3833,142.4833,12.77,86,86,3.78,AU,1715247840
511,kipushi,-11.7667,27.2333,25.26,40,43,4.48,CD,1715247895
512,nouadhibou,20.931,-17.0347,17.99,94,75,7.2,MR,1715247895
513,al faw,29.9776,48.4741,32.0,21,0,6.23,IQ,1715247895
514,opuwo,-18.0607,13.84,31.0,33,7,5.28,NA,1715247896
515,goianesia,-15.3175,-49.1175,17.85,75,0,1.38,BR,1715247896
516,bluefields,12.0137,-83.7635,25.84,90,91,1.79,NI,1715247896
517,safi,32.1667,-8.8333,28.53,19,82,4.9,MA,1715247896
518,zakamensk,50.3741,103.2863,4.47,61,94,5.95,RU,1715247896
519,singleton,-32.5667,151.1833,16.07,94,2,2.06,AU,1715247896
520,mongoumba,3.6415,18.5936,36.18,37,75,1.9,CF,1715247897
521,ola,59.5833,151.2833,3.41,87,34,1.74,RU,1715247704
522,vilyuchinsk,52.9306,158.4028,8.29,76,5,5.2,RU,1715247717
523,george town,5.4112,100.3354,31.96,74,20,4.12,MY,1715247897
524,mlimba,-8.8,35.8167,28.05,62,33,0.98,TZ,1715247897
525,les avirons,-21.2418,55.3394,26.05,61,0,13.89,RE,1715247897
526,san clemente del tuyu,-36.3569,-56.7235,3.88,65,0,7.22,AR,1715247898
527,bismarck,46.8083,-100.7837,10.48,88,100,4.12,US,1715247842
528,nikol'sk,53.7189,46.0712,3.82,60,100,7.39,RU,1715247898
529,nieves,15.3274,120.9485,36.73,53,9,5.61,PH,1715247898
530,prince rupert,54.3161,-130.3201,9.83,81,100,5.66,CA,1715247741
531,tamanrasset,22.785,5.5228,33.95,8,0,4.12,DZ,1715247898
532,san sebastian de la gomera,28.0916,-17.1133,25.21,78,20,3.09,ES,1715247899
533,new norfolk,-42.7826,147.0587,12.73,99,80,0.89,AU,1715247718
534,pundong,-7.9522,110.3486,26.95,84,44,4.87,ID,1715247899
535,nguigmi,14.2495,13.1092,37.89,14,18,5.41,NE,1715247899
536,lhasa,29.65,91.1,10.38,59,100,4.77,CN,1715247899
537,parang,7.3704,124.2697,26.77,86,80,3.13,PH,1715247899
538,carolina beach,34.0352,-77.8936,23.95,94,96,2.82,US,1715247899
539,enriquillo,17.9,-71.2333,24.11,90,76,4.29,DO,1715247900
540,pompeu,-19.2244,-44.9353,17.24,89,0,0.93,BR,1715247900
541,arno,60.1167,18.6333,4.32,75,100,2.81,SE,1715247900
542,grand-bassam,5.2118,-3.7388,29.98,75,86,2.4,CI,1715247900
543,pangody,65.85,74.4859,-1.48,97,100,8.5,RU,1715247901
544,newman,37.3138,-121.0208,14.05,61,0,0.89,US,1715247901
545,namibe,-15.1961,12.1522,28.14,54,60,4.63,AO,1715247737
546,buka,40.8108,69.1986,27.74,33,78,9.74,UZ,1715247901
547,villa gesell,-37.2639,-56.973,6.75,69,1,7.53,AR,1715247738
548,port macquarie,-31.4333,152.9167,16.05,73,56,2.86,AU,1715247874
549,kirakira,-10.4544,161.9205,26.53,81,98,3.9,SB,1715247901
550,san miguel,13.4833,-88.1833,26.02,85,99,0.51,SV,1715247902
551,iisalmi,63.5592,27.1907,7.12,32,20,1.89,FI,1715247902
552,shadegan,30.6497,48.6647,31.97,12,0,7.89,IR,1715247902
553,egilsstadir,65.2653,-14.3948,5.95,45,0,4.12,IS,1715247709
554,pemba,-12.974,40.5178,31.39,62,20,9.26,MZ,1715247903
555,saipan,15.1355,145.701,29.39,79,40,4.63,MP,1715247730
556,ghanzi,-21.5667,21.7833,28.29,16,0,6.51,BW,1715247903
557,muroto-misakicho,33.2833,134.15,17.46,47,0,1.1,JP,1715247903
558,hays,30.0502,-98.0336,24.47,96,86,1.34,US,1715247903
559,hangha,7.9411,-11.14,31.15,64,94,0.43,SL,1715247904
560,moree,-29.4667,149.85,20.5,52,95,5.41,AU,1715247904
561,lamar,33.6668,-95.5836,17.58,98,0,2.79,US,1715247749
562,veraval,20.9,70.3667,30.28,64,0,5.72,IN,1715247904
563,mogocha,53.7333,119.7667,15.51,19,75,2.38,RU,1715247904
564,prince george,53.9166,-122.753,7.69,57,0,3.6,CA,1715247905
565,sao felix do xingu,-6.6447,-51.995,21.56,93,38,1.02,BR,1715247905
566,saint-joseph,-21.3667,55.6167,27.21,74,37,7.07,RE,1715247905
567,fort bragg,35.139,-79.006,20.91,88,100,2.06,US,1715247905
568,paita,-5.0892,-81.1144,20.46,83,98,4.94,PE,1715247906
569,upata,8.0086,-62.3989,24.55,83,95,3.92,VE,1715247906
570,indianola,41.3581,-93.5574,12.27,91,18,4.22,US,1715247872
571,birjand,32.8663,59.2211,29.26,16,40,7.2,IR,1715247906
572,bhaisa,19.1,77.9667,32.9,36,80,7.66,IN,1715247907
573,muriti,-1.9833,32.9167,22.58,74,91,3.92,TZ,1715247907
574,olinda,-8.0089,-34.8553,24.85,100,75,2.06,BR,1715247907
575,filadelfia,39.9523,-75.1638,17.44,76,75,0.0,US,1715247620
576,colwyn bay,53.2948,-3.7267,17.68,71,99,1.34,GB,1715247907
577,nuriootpa,-34.4833,139.0,15.36,54,0,3.11,AU,1715247907
578,butte,39.6499,-121.5677,14.55,41,0,3.64,US,1715247908
579,katsuren-haebaru,26.3369,127.8719,24.43,57,20,6.17,JP,1715247908
580,broken hill,-31.95,141.4333,14.88,79,61,2.23,AU,1715247704
581,umm kaddadah,13.6017,26.6876,37.03,7,37,4.17,SD,1715247908
582,wichita falls,33.9137,-98.4934,17.92,80,0,3.09,US,1715247792
583,kani keli,-12.9536,45.1033,30.59,70,93,6.71,YT,1715247908
584,khovd,48.0056,91.6419,19.94,19,1,2.82,MN,1715247909
